category,prompt,title,subtitle,body
defiterms,why is cosmos hub suitable for trade?,Why the Cosmos Hub is Suitable for Trade,Understanding the Benefits of the Cosmos Hub for Trading,"The Cosmos Hub is a decentralized network of independent blockchains that can communicate with each other. This makes it an ideal platform for trading, as it allows users to take advantage of the liquidity and security of multiple blockchains. In this article, we'll explore why the Cosmos Hub is suitable for trade and what benefits it offers traders. 

The first benefit of using the Cosmos Hub for trading is its scalability. The network is designed to handle large volumes of transactions without sacrificing performance or security. This makes it ideal for traders who need to move funds quickly and securely. Additionally, the Cosmos Hub offers low transaction fees, allowing traders to save money on their trades. 

Another benefit of using the Cosmos Hub for trading is its interoperability. The network allows different blockchains to communicate with each other, allowing users to take advantage of different markets and exchanges. This means that traders can access a variety of different assets and markets, giving them more options when it comes to trading. 

Finally, the Cosmos Hub also offers a number of features that make it attractive to traders. For example, the network supports smart contracts, which allow users to automate certain aspects of their trades. Additionally, the network has built-in support for atomic swaps, which allow users to exchange one cryptocurrency for another without needing a third party intermediary. 

In conclusion, the Cosmos Hub offers a number of benefits that make it an attractive platform for trading. Its scalability and interoperability make it ideal for traders who need to move funds quickly and securely, while its low transaction fees and support for smart contracts and atomic swaps make it an attractive option for traders looking to maximize their profits. 

[Cosmos Hub Explained](https://www.cosmosnetwork.io/what-is-cosmos)"
defiusecases,defi use case: tokenization of real-world assets,What is Tokenization of Real-World Assets?,Unlocking the Potential of Tokenized Assets,"Tokenization of real-world assets is a process by which physical assets are converted into digital tokens on a blockchain. This process allows for the fractional ownership of an asset, enabling investors to buy and sell portions of an asset, rather than the entire asset. This opens up a range of possibilities for investors, allowing them to access markets that were previously inaccessible due to high entry costs or other restrictions. 

Tokenization also enables the creation of new types of assets, such as tokenized securities or tokenized commodities. By tokenizing real-world assets, it is possible to create tradable digital representations of these assets that can be exchanged on decentralized exchanges (DEXs). This allows investors to trade these assets in a secure and transparent manner, without the need for a middleman. 

Tokenization also has the potential to revolutionize the way we invest in real-world assets. By tokenizing an asset, it is possible to create a new type of investment vehicle that can be traded on DEXs. This allows investors to access global markets and diversify their portfolios with a wide range of asset classes. Additionally, tokenized investments can provide investors with access to higher liquidity and lower fees than traditional investments. 

Finally, tokenization also has the potential to open up new opportunities for entrepreneurs and businesses. By tokenizing their assets, businesses can raise capital more quickly and efficiently than traditional methods. Additionally, tokenized assets can be used as collateral for loans or other financial instruments, allowing businesses to access capital more easily. 

In summary, tokenization has the potential to revolutionize the way we invest in real-world assets by providing greater access to global markets and unlocking new opportunities for entrepreneurs and businesses. With its many benefits, it's no wonder that tokenization is becoming increasingly popular among investors and businesses alike."
investingterminology,what are the benefits of understanding inflation when investing in cryptocurrencies?,Understanding Inflation is Key to Investing in Cryptocurrencies,Learn How to Maximize Your Returns,"Inflation is an important factor to consider when investing in cryptocurrencies. This is because it affects the value of the currency and can have a significant impact on your returns. In this article, we'll discuss why understanding inflation is key to investing in cryptocurrencies and how you can maximize your returns. 

Inflation occurs when the value of a currency decreases over time due to an increase in the supply of money. This means that if you purchase a cryptocurrency today, it may be worth less tomorrow. This can have a significant impact on your investment returns, as you may not be able to sell your cryptocurrency at the same price you purchased it for. 

In order to maximize your returns when investing in cryptocurrencies, it's important to understand how inflation works and how it affects the value of the currency. By understanding how inflation works, you can make informed decisions about when to buy and sell cryptocurrencies. You should also pay attention to news and events that could affect the value of the currency, such as government regulations or changes in supply and demand. 

It's also important to understand how different currencies are affected by inflation. For example, some currencies may be more volatile than others and may experience larger fluctuations in value due to changes in supply and demand. By understanding how different currencies are affected by inflation, you can make more informed decisions about which currencies to invest in. 

Finally, it's important to keep an eye on macroeconomic trends that could affect the value of a currency. For example, if there is an economic recession or a rise in interest rates, this could have a negative effect on the value of a currency and could lead to losses for investors. By keeping an eye on macroeconomic trends, you can make better decisions about which currencies to invest in and when to buy or sell them. 

Understanding inflation is key to investing in cryptocurrencies successfully. By understanding how inflation works and keeping an eye on macroeconomic trends, you can make more informed decisions about which currencies to invest in and when to buy or sell them. This will help you maximize your returns and minimize your losses when investing in cryptocurrencies."
defiterms,how to mining cosmos hub?,How to Mine Cosmos Hub?,A Guide to Mining the Cosmos Hub,"Mining the Cosmos Hub is a great way to earn rewards in the form of cryptocurrency. It is an open-source blockchain platform that allows users to build and deploy decentralized applications (dApps). The Cosmos Hub is powered by a consensus algorithm called Tendermint, which enables users to securely and reliably transfer digital assets from one account to another. In this guide, we will explain how to mine Cosmos Hub and what you need to get started. 

## What is Cosmos Hub? 
Cosmos Hub is a public blockchain network that enables users to build and deploy decentralized applications (dApps). It is powered by a consensus algorithm called Tendermint, which enables users to securely and reliably transfer digital assets from one account to another. The Cosmos Hub also supports smart contracts, allowing developers to create custom applications on top of the platform. 

## What You Need To Mine Cosmos Hub 
In order to mine Cosmos Hub, you will need a computer with an internet connection and some basic knowledge of blockchain technology. Additionally, you will need a wallet that supports the Cosmos Hub cryptocurrency. You can find a list of compatible wallets [here](https://cosmos.network/wallets). 

## How To Mine Cosmos Hub 
Once you have all the necessary components, you can begin mining Cosmos Hub. The first step is to join a mining pool. A mining pool allows miners to combine their computing power in order to increase their chances of successfully mining blocks and earning rewards. There are several mining pools available for the Cosmos Hub, such as [CosmosPool](https://cosmospool.io/) and [StakePool](https://stakepool.net/). Once you have joined a mining pool, you can start mining by downloading the appropriate software for your operating system and following the instructions provided by the pool. 

## Conclusion 
Mining the Cosmos Hub is a great way to earn rewards in the form of cryptocurrency. In this guide, we have explained what you need in order to get started and how to mine Cosmos Hub. If you have any questions or need additional help, please reach out to your chosen mining pool for assistance."
defiusecases,how decentralized exchanges (dexs) is revolutionizing finance,Decentralized Exchanges are Revolutionizing Finance,A Look at the Benefits of Decentralized Exchanges,"Decentralized exchanges (DEXs) are revolutionizing the way people trade and interact with digital assets. DEXs are online platforms that allow users to buy and sell digital assets without the need for a central authority. This means that users can trade without having to go through a third-party broker or intermediary. 

The primary benefit of DEXs is that they offer users more control over their funds. Unlike centralized exchanges, which require users to trust a third-party with their funds, DEXs allow users to retain control of their own funds. This eliminates the risk of a single point of failure, such as a hack or other security breach. Additionally, DEXs are often more secure than centralized exchanges due to the fact that they are not subject to the same regulations and compliance requirements. 

Another benefit of DEXs is that they offer users more privacy than centralized exchanges. Since users do not have to provide personal information or submit documents in order to use a DEX, they can remain anonymous while trading. This makes it much harder for malicious actors to track and target users, as well as making it easier for users to remain compliant with local laws and regulations. 

DEXs also offer users access to a wider range of digital assets than centralized exchanges. Many DEXs allow users to trade tokens from different blockchains, such as Ethereum and Bitcoin, as well as tokens from different projects and protocols. This makes it easier for traders to diversify their portfolios and access new opportunities in the digital asset space. 

Finally, DEXs often have lower fees than centralized exchanges. Since there is no need for a third-party intermediary, fees associated with trading on a DEX are often much lower than those associated with trading on a centralized exchange. This makes it easier for traders to maximize their profits by reducing their costs. 

Overall, DEXs are revolutionizing the way people trade digital assets by offering them more control over their funds, more privacy, access to a wider range of assets, and lower fees. As the technology continues to evolve, we can expect even more benefits from decentralized exchanges in the future."
defiusecases,the future of privacy and security in defi,The Future of Privacy and Security in DeFi,"Protecting Your Funds and Data

The world of decentralized finance (DeFi) is rapidly growing, and with it comes the need to ensure that users’ funds and data remain secure. As the industry matures, privacy and security will become even more important, as users look for ways to protect their investments from malicious actors. In this article, we will explore the current state of privacy and security in DeFi and what the future may hold. 

The current state of privacy and security in DeFi is still relatively immature. Many protocols are still in their infancy, and there is a lack of robust security measures in place to protect user funds. Additionally, many protocols are not built with privacy in mind, leaving users vulnerable to data breaches or other malicious attacks. 

Fortunately, there are some projects that are taking steps to improve the security of DeFi protocols. For example, Ethereum-based protocols such as MakerDAO have implemented multi-signature wallets, which require multiple signatures from different parties before a transaction can be executed. This helps to reduce the risk of a single user losing control over their funds. Additionally, some projects are using zero-knowledge proofs to ensure that user transactions remain private. 

In addition to these measures, there are also projects that are focused on improving the privacy of user data. For example, some projects are using zero-knowledge proofs to ensure that user data remains confidential. Additionally, some projects are using blockchain technology to create decentralized identity solutions that allow users to control their own personal data without relying on third parties. 

Looking ahead, it is likely that privacy and security will continue to be a major focus for DeFi protocols. As the industry matures, developers will continue to implement more robust security measures and develop new technologies for protecting user funds and data. Additionally, governments around the world may begin to take an interest in regulating DeFi protocols in order to protect consumers from malicious actors. 

Ultimately, it is clear that privacy and security will remain an important issue for DeFi protocols as they continue to grow and mature. By taking steps now to improve security measures and protect user data, developers can help ensure that DeFi remains a safe place for users to invest their money.",
defiplatforms,what is zerion?,What is Zerion?,A Comprehensive Guide to the Zerion Platform,"Zerion is a platform that provides users with access to a range of decentralized finance (DeFi) tools. It enables users to easily access, manage, and track their investments in DeFi protocols such as MakerDAO, Compound, Uniswap, and more. Zerion also provides users with the ability to create custom portfolios of DeFi assets, allowing them to diversify their investments and maximize returns. Additionally, Zerion offers a range of educational resources to help users better understand the DeFi space. 

Zerion was founded in 2018 by a team of experienced developers and entrepreneurs who wanted to make it easier for users to access and use DeFi protocols. The platform is built on top of Ethereum, the world’s most popular blockchain network. This allows users to take advantage of Ethereum’s smart contract functionality and trustless execution of transactions. 

The Zerion platform is designed to be user-friendly and intuitive. It provides an easy-to-use dashboard that allows users to quickly view their portfolio performance and track their investments in real-time. Additionally, the platform offers a range of automated tools that can help users manage their portfolios more efficiently. These tools include portfolio rebalancing, automated trading strategies, and more. 

Zerion also provides users with access to a range of educational resources. These resources include tutorials, webinars, articles, and other materials that can help users better understand the DeFi space. Additionally, the platform offers a range of community forums where users can discuss topics related to DeFi and ask questions about the platform. 

Overall, Zerion is an excellent platform for those looking to get started in the world of DeFi. It provides users with an easy-to-use dashboard that allows them to quickly view their portfolio performance and track their investments in real-time. Additionally, it offers a range of automated tools that can help users manage their portfolios more efficiently. Finally, it provides access to a range of educational resources that can help users better understand the DeFi space. 
[Learn more about Zerion](https://zerion.io/)"
defiusecases,the future of gaming and virtual worlds in defi,What is the Future of Gaming and Virtual Worlds in DeFi?,Exploring the Possibilities of Decentralized Finance in Gaming and Virtual Worlds,"The world of decentralized finance (DeFi) has grown exponentially over the past few years, with a variety of projects offering new ways to interact with digital assets. Now, developers are looking to use DeFi to revolutionize gaming and virtual worlds, offering users a more secure, transparent, and open platform for their activities. In this article, we’ll explore the possibilities of DeFi in gaming and virtual worlds and how it could shape the future of these industries. 

One of the most exciting applications of DeFi in gaming and virtual worlds is the ability to create digital assets that can be used as in-game currency. These digital assets are secured by blockchain technology, meaning they are immutable and can be transferred between users without a middleman. This could revolutionize gaming economies, allowing developers to create unique digital assets that can be used to purchase items or services within their game or world. Additionally, users would have full control over their assets, allowing them to trade them on decentralized exchanges or even convert them into real-world currencies. 

Another potential use for DeFi in gaming and virtual worlds is the development of decentralized autonomous organizations (DAOs). DAOs are organizations that are run by smart contracts on a blockchain network, allowing them to operate without any centralized authority. This could be used to create autonomous game studios that are owned by players and developers alike. These studios could then create games or virtual worlds that are governed by smart contracts, allowing for more transparent rulesets and fairer distribution of rewards. 

Finally, DeFi could also be used to create new types of games and virtual worlds that utilize tokenized economies. These games could feature their own native tokens that can be used as a form of currency within the game or world. Players would be able to earn these tokens through playing the game or completing certain tasks, which they could then use to purchase items or services from other players or developers. This type of tokenized economy would allow for more dynamic gameplay experiences as well as greater user engagement. 

The possibilities for DeFi in gaming and virtual worlds are endless, but it’s clear that this technology has the potential to revolutionize these industries. By providing users with more secure digital assets, autonomous game studios, and tokenized economies, DeFi could open up new opportunities for developers and players alike. It remains to be seen what impact DeFi will have on these industries in the future, but one thing is certain – it’s an exciting time for gamers and virtual world enthusiasts alike!"
defiplatforms,top alternatives to compound,Top Alternatives to Compound,Explore the Best Alternatives to Compound,"Compound is a decentralized finance (DeFi) protocol that allows users to borrow and lend cryptocurrencies. It is one of the most popular DeFi protocols, but there are other alternatives available for those who want to explore different options. Here are some of the top alternatives to Compound that you should consider. 

### Aave 
Aave is a decentralized lending platform that offers users a wide range of financial services, including lending and borrowing cryptocurrencies. It also offers flash loans, which allow users to borrow funds without collateral. Aave has a user-friendly interface and provides competitive interest rates on its loans. 

### MakerDAO 
MakerDAO is another popular DeFi protocol that allows users to borrow and lend cryptocurrencies. It also offers a stablecoin called DAI, which is pegged to the US dollar. MakerDAO’s interface is easy to use and it provides competitive interest rates on its loans. 

### Synthetix 
Synthetix is a decentralized trading platform that allows users to trade synthetic assets such as stocks, commodities, and currencies. It also offers derivatives trading, allowing users to speculate on the price of various assets without actually owning them. Synthetix has low fees and provides an intuitive user interface. 

### dYdX 
dYdX is a decentralized exchange that allows users to trade cryptocurrencies and other digital assets. It also offers margin trading, allowing users to borrow funds in order to increase their buying power. dYdX has low fees and provides an intuitive user interface. 

### Dharma 
Dharma is a decentralized lending platform that allows users to borrow and lend cryptocurrencies. It also offers flash loans, which allow users to borrow funds without collateral. Dharma has a user-friendly interface and provides competitive interest rates on its loans. 

### InstaDApp 
InstaDApp is a decentralized finance platform that allows users to access various DeFi protocols such as Aave, MakerDAO, Synthetix, dYdX, and Dharma in one place. InstaDApp has an intuitive user interface and provides access to some of the best DeFi protocols in the market. 

No matter which DeFi protocol you choose, make sure you do your research before investing any money into it. Be sure to read up on the risks associated with each protocol before making any decisions about investing your money into it [1]. Additionally, make sure you understand how each protocol works before investing in it [2].

   [1]: https://www.investopedia.com/articles/investing/081915/risks-investing-cryptocurrency-defi-protocols.asp   [2]: https://www.coindesk.com/defi-protocols-explained"
defiterms,why is wrapped bitcoin suitable for staking?,What is Wrapped Bitcoin and Why is it Suitable for Staking?,Understanding the Benefits of Wrapped Bitcoin Staking,"Wrapped Bitcoin (WBTC) is an Ethereum-based token that enables users to use Bitcoin on the Ethereum blockchain. It provides a bridge between Ethereum and Bitcoin, allowing users to take advantage of both networks. WBTC has become increasingly popular in recent years, as it allows users to access the DeFi ecosystem, which offers a range of financial services such as staking, lending, and trading. In this article, we will explore why WBTC is suitable for staking and how users can benefit from it. 

Staking is a process by which users can earn rewards by holding a certain amount of cryptocurrency in their wallet. The rewards are usually generated from the fees associated with transactions on the network. By staking WBTC, users can earn rewards in Ethereum-based tokens such as DAI or USDC. This allows them to diversify their portfolio and access more opportunities in the DeFi space. 

WBTC is also attractive for staking because it is backed by real Bitcoin. This means that users can be sure that their funds are safe and secure. Furthermore, WBTC has been audited by independent third parties to ensure that it is compliant with all relevant regulations. This provides an extra layer of security for users who want to stake their funds. 

In addition, WBTC has low transaction fees compared to other cryptocurrencies. This makes it attractive for users who want to make frequent transactions without incurring high fees. Moreover, WBTC has a fast transaction speed, making it ideal for traders who need to make quick trades in order to take advantage of market movements. 

Overall, Wrapped Bitcoin is an attractive option for staking due to its low transaction fees and fast transaction speed. Furthermore, its backing by real Bitcoin provides an extra layer of security for users who want to stake their funds. With all these benefits, WBTC is an ideal choice for those looking to diversify their portfolio and access more opportunities in the DeFi space. 
[Link 1](https://www.coindesk.com/wrapped-bitcoin-what-is-it-and-why-is-it-important) [Link 2](https://www.forbes.com/sites/billybambrough/2020/07/23/what-is-defi--the-blockchain-trend-everyones-talking-about/#7f9d4a2d7f0c)"
investingterminology,what is dollar-cost averaging (dca)?,What is Dollar-Cost Averaging (DCA)?,A Guide to Investing with DCA,"Dollar-cost averaging (DCA) is an investing strategy that involves buying a fixed amount of a particular investment on a regular schedule, regardless of the share price. The goal of DCA is to reduce the impact of volatility on the overall purchase. By investing the same amount at regular intervals, you can take advantage of lower prices and average out your cost over time. 

For example, if you have $1,000 to invest in a stock, you could buy 10 shares at $100 each. However, if the stock price drops to $90 per share, you could buy 11 shares instead. This way, you'd be able to take advantage of the lower price and still invest your full $1,000. 

The concept of dollar-cost averaging can be applied to any type of investment, including stocks, bonds, mutual funds and cryptocurrencies. It's especially useful for investors who are just starting out and don't have a lot of money to invest in one go. By investing small amounts regularly over time, they can benefit from compounding returns and reduce the risk of investing too much money in one go. 

Dollar-cost averaging can also be used as part of a long-term investment strategy. By investing regularly over time, investors can take advantage of market fluctuations and benefit from compounding returns as their investments grow over time. 

It's important to note that dollar-cost averaging does not guarantee profits or protect against losses in declining markets. As with any investment strategy, there are risks involved and it's important to do your own research before investing. Additionally, it's important to remember that past performance is not necessarily indicative of future results. 

If you're looking for an easy way to start investing without taking on too much risk, dollar-cost averaging may be a good option for you. It's an easy way to get started with investing without having to worry about timing the market or trying to pick individual stocks or funds. With dollar-cost averaging, you can benefit from compounding returns over time and reduce your risk by spreading out your investments across different asset classes. 

[What Is Dollar-Cost Averaging?](https://www.investopedia.com/terms/d/dollarcostaveraging.asp)"
defiplatforms,dydx review: pros and cons,What is dYdX? A Comprehensive Review of the Exchange,Pros and Cons of Trading on dYdX,"## What is dYdX? 
dYdX is a decentralized exchange (DEX) for trading Ethereum-based tokens. It was founded in 2018 and has since become one of the most popular DEXs, with over $500 million in volume traded since its launch. The platform offers a wide range of features, including margin trading, derivatives trading, and more. 

## Pros of Trading on dYdX 
One of the main advantages of trading on dYdX is its low fees. Unlike traditional exchanges, which charge high fees for trades, dYdX only charges a 0.3% maker fee and 0.3% taker fee. This makes it an attractive option for traders looking to minimize their trading costs. 

In addition, dYdX offers a wide range of features that make it an attractive option for traders. For example, it offers margin trading with up to 10x leverage, derivatives trading with up to 100x leverage, and more. This makes it a great option for traders looking to increase their profits by taking advantage of higher leverage ratios. 

Finally, dYdX is a decentralized exchange, meaning that all trades are settled directly between users without the need for a third party intermediary. This ensures that trades are secure and private, as no personal information is shared between users. 

## Cons of Trading on dYdX 
Despite its many advantages, there are some drawbacks to trading on dYdX as well. For example, the platform does not offer fiat currency support, meaning that users must use cryptocurrencies such as Bitcoin or Ethereum to purchase tokens on the exchange. Additionally, the platform does not offer any advanced order types such as stop-loss orders or trailing stops. This can make it difficult for traders to manage their risk effectively when trading on the platform. 

In addition, due to its decentralized nature, dYdX does not offer any customer support or dispute resolution services. This means that if you have an issue with a trade or transaction on the platform, you will need to resolve it yourself without any assistance from the platform itself. 

Finally, due to its decentralized nature, dYdX does not offer any insurance against losses due to hacks or other security breaches. As such, users must take extra precautions when using the platform in order to ensure their funds are secure at all times. 


Overall, while there are some drawbacks to trading on dYdX, it remains one of the most popular DEXs due to its low fees and wide range of features. For those looking for an alternative to traditional exchanges with higher leverage ratios and greater privacy and security features, then dYdX may be worth considering."
investingterminology,what factors can influence stop-loss order in the crypto market?,What Factors Can Influence a Stop-Loss Order in the Crypto Market?,Understanding the Impact of Market Conditions on Your Trading Strategy,"Stop-loss orders are a popular trading strategy used by crypto traders to limit their losses and protect their investments. A stop-loss order is an automated order that will close a position when it reaches a certain price level. This allows traders to set a predetermined level of risk and protect themselves from large losses. 

But what factors can influence the effectiveness of a stop-loss order in the crypto market? In this article, we'll take a look at some of the key factors that can have an impact on your stop-loss strategy. 

## Volatility 
Volatility is one of the most important factors to consider when setting up a stop-loss order. Cryptocurrencies are known for their high volatility, which means that prices can move quickly and unexpectedly. If you set your stop-loss too close to the current price, it may be triggered before you have time to react. On the other hand, if you set it too far away, you may not be able to take advantage of any potential gains. It's important to find the right balance between protecting yourself from losses and taking advantage of potential gains. 

## Market Conditions 
The overall market conditions can also have an impact on your stop-loss strategy. For example, if there is a lot of buying pressure in the market, it may be difficult for your stop-loss order to trigger at the price you set. On the other hand, if there is a lot of selling pressure in the market, your stop-loss order may be triggered more easily than expected. It's important to keep an eye on the overall market conditions when setting up your stop-loss orders. 

## Liquidity 
Liquidity is another key factor that can influence your stop-loss orders. If there is low liquidity in the market, it may be difficult for your order to be filled at the price you set. On the other hand, if there is high liquidity in the market, your order may be filled more easily and quickly. It's important to keep an eye on liquidity levels when setting up your stop-loss orders so that you can ensure they are filled at the right price. 

## Fees 
Finally, fees can also have an impact on your stop-loss orders. Depending on where you are trading, different fees may apply for each transaction or trade you make. These fees can eat into any potential profits or losses you make from your trades, so it's important to factor them into your calculations when setting up a stop-loss order. 

Overall, there are many factors that can influence how effective a stop-loss order is in the crypto market. Volatility, market conditions, liquidity and fees all play an important role in determining how successful your trading strategy will be. It's important to keep these factors in mind when setting up a stop-loss order so that you can maximize its effectiveness and protect yourself from large losses. 

[Understanding Stop Loss Orders](https://www.investopedia.com/articles/active-trading/031914/understanding-stop-loss-orders.asp)"
defiusecases,the future of cross-chain interoperability in defi,What is Cross-Chain Interoperability and How Will it Impact DeFi?,Exploring the Future of Cross-Chain Interoperability in DeFi,"Cross-chain interoperability is a concept that has been gaining traction in the world of decentralized finance (DeFi). It refers to the ability of different blockchain networks to interact with each other, allowing users to move digital assets from one chain to another. This could potentially revolutionize the way we use DeFi, as it would enable users to move their funds between different blockchains without having to trust a third party. 

The concept of cross-chain interoperability has been around for some time, but it has only recently become more widely discussed as DeFi projects have become more popular. The idea is that different blockchains can communicate with each other and share data, allowing users to move digital assets from one chain to another. This could be used to facilitate transactions between different blockchains, such as Ethereum and Bitcoin, or even between different DeFi protocols. 

One of the key benefits of cross-chain interoperability is that it could allow users to access a wider range of services and products. For example, if two different blockchains are able to communicate with each other, then users could access services and products on both chains without having to switch between them. This would make it much easier for users to access a variety of services and products without having to worry about switching between different blockchains. 

Another benefit of cross-chain interoperability is that it could help reduce transaction costs. By allowing users to move their funds between different blockchains without having to pay transaction fees, it could help reduce the overall cost of using DeFi services and products. This could make DeFi more accessible and attractive for users who may not have been able to afford the high transaction fees associated with some blockchains. 

Finally, cross-chain interoperability could also help increase security in the world of DeFi. By allowing users to move their funds between different blockchains without having to trust a third party, it could help reduce the risk of hacks and other malicious activities that can occur on centralized exchanges. This could make DeFi much safer for users who may not want to trust a third party with their funds. 

Overall, cross-chain interoperability has the potential to revolutionize the way we use DeFi by making it easier for users to access a variety of services and products without having to switch between different blockchains. It could also help reduce transaction costs and increase security by allowing users to move their funds between different blockchains without having to trust a third party. While there are still many challenges that need to be overcome before cross-chain interoperability can be implemented on a large scale, its potential benefits make it an exciting prospect for the future of DeFi. 
[What is Cross-Chain Interoperability?](https://www.coindesk.com/what-is-cross-chain-interoperability)"
investingterminology,what are the challenges and pitfalls associated with bollinger bands in the context of cryptocurrency investing?,What are the Challenges and Pitfalls of Bollinger Bands in Cryptocurrency Investing?,Understanding the Risks of Using Bollinger Bands for Crypto Trading,"Bollinger Bands are a popular technical analysis tool used by many cryptocurrency traders. They are used to identify potential entry and exit points for trades, as well as to measure market volatility. While Bollinger Bands can be a useful tool for traders, there are also several risks and pitfalls associated with their use. In this article, we'll explore some of the challenges and pitfalls associated with using Bollinger Bands in the context of cryptocurrency investing. 

## What are Bollinger Bands? 

Bollinger Bands are a type of technical indicator that is used to measure market volatility. They consist of three lines – an upper band, a lower band, and a middle line – which form a band around the price action of a security or currency pair. The upper band is typically two standard deviations above the middle line, while the lower band is two standard deviations below it. The middle line is usually a simple moving average (SMA) of the security or currency pair's price action over a certain period of time. 

## Challenges and Pitfalls of Using Bollinger Bands 

The primary challenge with using Bollinger Bands is that they can be difficult to interpret correctly. This is because they are based on past price action, which may not accurately reflect future price movements. Additionally, because they measure volatility, they may not provide reliable signals when markets are trending or when prices are consolidating in a range. 

Another pitfall associated with using Bollinger Bands is that they can lead to false signals. For example, if the bands become too wide due to high volatility, it can lead to false buy or sell signals that could cause traders to enter positions at unfavorable prices. Additionally, if the bands become too narrow due to low volatility, it can lead to false breakouts that could cause traders to miss out on profitable trades. 

Finally, it's important to remember that Bollinger Bands are just one tool among many that traders use for technical analysis. As such, it's important to use them in conjunction with other indicators and analysis tools in order to get a better understanding of market conditions before entering into any trades. 

## Conclusion 

Bollinger Bands can be a useful tool for cryptocurrency traders who want to identify potential entry and exit points for trades. However, it's important to understand the risks and pitfalls associated with their use before relying on them as part of your trading strategy. By combining them with other indicators and analysis tools, you can get a better understanding of market conditions before entering into any trades."
defiterms,how to borrow injective?,How to Borrow Using Injective Protocol,Unlocking the Power of Decentralized Finance,"Injective Protocol is a decentralized finance (DeFi) platform that enables users to borrow and lend crypto assets in a trustless and secure manner. With Injective, users can access a wide range of financial services, including borrowing and lending, margin trading, and staking. In this article, we will discuss how to borrow using Injective Protocol. 

### What is Injective Protocol? 
Injective Protocol is a layer-2 decentralized exchange (DEX) built on top of the Ethereum blockchain. It is designed to provide users with an efficient, secure, and trustless way to trade crypto assets. The protocol uses a unique liquidity sharing mechanism called “Liquidity Mining” which allows users to earn rewards for providing liquidity to the platform. In addition, it also provides users with access to margin trading, staking, and borrowing services. 

### How Does Borrowing Work on Injective? 
In order to borrow on Injective, users must first deposit collateral into the platform. This collateral can be any ERC-20 token supported by the platform such as ETH or DAI. Once the collateral has been deposited, users can then access the borrowing interface and select the asset they wish to borrow. The amount of collateral required will depend on the asset being borrowed and the loan terms chosen by the user. 

Once the loan has been created, it will be placed into a smart contract where it can be monitored by both parties. The borrower will then be able to withdraw their funds from the smart contract while the lender will receive interest payments from the borrower in return for providing them with funds. 

### Benefits of Borrowing on Injective 
Borrowing on Injective offers several advantages over traditional lending platforms. Firstly, all transactions are secured by smart contracts which ensures that both parties are protected from fraud or malicious activity. Secondly, borrowers are not required to undergo any credit checks or provide personal information which makes it an ideal platform for those who wish to remain anonymous while accessing financial services. Finally, borrowers can access competitive interest rates due to the large pool of lenders available on the platform. 

### Conclusion 
Injective Protocol provides users with an efficient and secure way to borrow crypto assets in a trustless manner. By leveraging its unique liquidity sharing mechanism and smart contracts, borrowers can access competitive interest rates while lenders can earn rewards for providing liquidity to the platform. With its wide range of features and benefits, Injective is quickly becoming one of the most popular DeFi platforms in the industry."
defiterms,what is the process of trade for polymesh?,How to Trade on Polymesh,A Step-by-Step Guide,"Polymesh is a blockchain-based protocol designed to facilitate secure and compliant token trading. It provides a secure, reliable, and efficient platform for trading digital assets. This guide will walk you through the steps involved in trading on Polymesh. 

## Step 1: Sign Up for a Polymesh Account 
The first step in trading on Polymesh is to sign up for an account. You can do this by visiting the [Polymesh website](https://www.polymath.network/). Once you have signed up, you will be asked to provide some basic information about yourself, such as your name, address, and phone number. You will also need to create a unique username and password. 

## Step 2: Fund Your Account 
Once you have created your account, you will need to fund it with cryptocurrency or fiat currency. You can do this by transferring funds from an external wallet or exchange into your Polymesh wallet. You can also use a credit card or bank transfer to fund your account. 

## Step 3: Choose Your Trading Pair 
Once you have funded your account, you will need to choose the trading pair that you want to use. A trading pair is simply two different cryptocurrencies that are being traded against each other. For example, if you wanted to trade Bitcoin for Ethereum, you would choose the BTC/ETH trading pair. You can view all available trading pairs on the Polymesh website. 

## Step 4: Place Your Order 
Once you have chosen your trading pair, you can place an order. You can do this by selecting the type of order (market or limit), the amount of cryptocurrency that you want to buy or sell, and the price at which you want to buy or sell it. Once your order is placed, it will be executed automatically when the market conditions are met. 

## Step 5: Monitor Your Order 
Once your order has been placed, you will need to monitor it until it is filled. You can do this by viewing the order book on the Polymesh website or using a third-party trading platform such as MetaTrader 5. Once your order has been filled, you will receive the cryptocurrency in your wallet and be able to trade it on other exchanges or use it for other purposes such as buying goods and services online. 

## Conclusion 
Trading on Polymesh is a relatively straightforward process that requires only a few steps. By following these steps, you can easily buy and sell digital assets on the platform in a secure and compliant manner."
investingterminology,what factors can influence centralized finance (cefi) in the crypto market?,What Factors Influence Centralized Finance (CEFI) in the Crypto Market?,Understanding the Impact of Cefi on Crypto Markets,"Centralized finance (CEFI) is a term used to describe financial services that are provided by a central authority or organization. This includes traditional banking services, such as loans, deposits, and investments, as well as digital assets such as cryptocurrencies. In the crypto market, CEFI has become increasingly popular due to its ability to provide investors with access to a variety of different financial products and services. However, it is important to understand how CEFI can influence the crypto market and what factors can affect its performance. 

The most obvious factor that can influence CEFI in the crypto market is the price of cryptocurrencies. As with any asset class, when the price of cryptocurrencies rises or falls, it can have a significant impact on CEFI. For example, if the price of Bitcoin increases, it could lead to an increase in demand for CEFI services as investors look to capitalize on the gains. On the other hand, if the price of Bitcoin falls, it could lead to a decrease in demand for CEFI services as investors look to reduce their exposure to risk. 

Another factor that can influence CEFI in the crypto market is regulatory uncertainty. As more countries around the world begin to regulate cryptocurrencies and other digital assets, it can have an impact on how CEFI operates in those markets. For example, if a country introduces strict regulations on cryptocurrency exchanges or other financial services providers, it could lead to fewer investors using those services and thus less demand for CEFI products. Similarly, if a country relaxes its regulations on cryptocurrency exchanges or other financial services providers, it could lead to more investors using those services and thus more demand for CEFI products. 

Finally, geopolitical events can also have an impact on CEFI in the crypto market. For example, if there is political unrest or economic instability in a particular country or region, it could lead to investors looking for alternative investments such as cryptocurrencies and other digital assets. This could lead to an increase in demand for CEFI products and services as investors look for ways to diversify their portfolios and protect their capital from potential risks. 

In conclusion, there are several factors that can influence centralized finance (CEFI) in the crypto market. These include changes in cryptocurrency prices, regulatory uncertainty, and geopolitical events. It is important for investors to understand these factors so they can make informed decisions about their investments and ensure they are taking advantage of all available opportunities in the crypto market. 

[What Is Centralized Finance (CEFI)?](https://www.investopedia.com/terms/c/centralized-finance-cefi.asp)  
[How Cryptocurrency Regulations Impact Centralized Finance](https://www.coindesk.com/how-cryptocurrency-regulations-impact-centralized-finance)  
[Geopolitical Events That Could Impact Crypto Markets](https://www.forbes.com/sites/billybambrough/2020/02/14/geopolitical-events-that-could-impact-crypto-markets/#2e8d9e1a7a3c)"
defiplatforms,top alternatives to synthetix,Top Alternatives to Synthetix,A Comprehensive Guide,"Synthetix is a decentralized derivatives protocol that enables users to trade synthetic assets on Ethereum. It has become one of the most popular decentralized finance (DeFi) protocols, with more than $2 billion locked in its contracts. However, there are several other options available for those looking for an alternative to Synthetix. In this article, we will explore some of the top alternatives to Synthetix. 

### Compound 
Compound is a decentralized finance (DeFi) protocol that enables users to borrow and lend cryptocurrencies. It has become one of the most popular DeFi protocols, with more than $8 billion locked in its contracts. Compound allows users to earn interest on their cryptocurrency holdings by lending them out to other users or by borrowing from other users. The platform also offers a variety of other features, such as margin trading and flash loans. 

### MakerDAO 
MakerDAO is another popular DeFi protocol that enables users to borrow and lend cryptocurrencies. Unlike Compound, MakerDAO offers a stablecoin called Dai, which is pegged to the US Dollar. This makes it an attractive option for those looking for a stablecoin alternative to Synthetix's sUSD. MakerDAO also offers a variety of other features, such as margin trading and flash loans. 

### Aave 
Aave is another popular DeFi protocol that enables users to borrow and lend cryptocurrencies. It has become one of the most popular DeFi protocols, with more than $7 billion locked in its contracts. Aave offers a variety of features, such as margin trading and flash loans. It also allows users to earn interest on their cryptocurrency holdings by lending them out to other users or by borrowing from other users. 

### Curve Finance 
Curve Finance is a decentralized exchange (DEX) that enables users to trade cryptocurrencies without having to trust a third party. Curve Finance has become one of the most popular DEXs, with more than $2 billion locked in its contracts. The platform allows users to trade a variety of cryptocurrencies, including Bitcoin, Ethereum, and Litecoin. It also offers a variety of features, such as margin trading and flash loans. 

### Uniswap 
Uniswap is another popular DEX that enables users to trade cryptocurrencies without having to trust a third party. Uniswap has become one of the most popular DEXs, with more than $4 billion locked in its contracts. The platform allows users to trade a variety of cryptocurrencies, including Bitcoin, Ethereum, and Litecoin. It also offers a variety of features, such as margin trading and flash loans. 

These are just some of the top alternatives to Synthetix available today. Each platform has its own unique set of features and advantages that make it attractive for different types of traders and investors. Before deciding which platform is right for you, it’s important to do your own research and understand how each platform works and what fees they charge for trades and withdrawals. Additionally, it’s important to remember that all investments come with risks and you should never invest more than you can afford to lose. 

 [1]: https://www.coindesk.com/what-is-synthetix"
defiplatforms,dharma review: pros and cons,What are the Pros and Cons of Dharma Review?,Understanding the Benefits and Drawbacks of Dharma Review,"Dharma is a decentralized finance (DeFi) protocol built on Ethereum that enables users to borrow and lend digital assets. It is one of the most popular DeFi protocols, with over $1 billion in total value locked (TVL). But what are the pros and cons of using Dharma? In this article, we'll take a look at the benefits and drawbacks of Dharma Review. 

## Pros 

### Low Fees 
One of the biggest advantages of using Dharma is its low fees. Unlike other DeFi protocols, Dharma does not charge any fees for deposits or withdrawals. This makes it an attractive option for traders who want to maximize their profits. Additionally, there are no hidden fees or charges associated with using Dharma. 

### Security 
Dharma is built on Ethereum, which means that it is highly secure. All transactions are encrypted and stored on the blockchain, making them virtually impossible to hack. Additionally, all user funds are held in smart contracts, which are protected by multiple layers of security. This ensures that your funds remain safe and secure at all times. 

### Easy to Use 
Another great benefit of using Dharma is its user-friendly interface. The platform is designed to be intuitive and easy to use, even for those who are new to DeFi protocols. Additionally, users can easily access their funds via their mobile devices or web browsers. This makes it easy for anyone to get started with Dharma quickly and easily. 

## Cons 

### High Risk 
One of the biggest drawbacks of using Dharma is its high risk factor. As with any other DeFi protocol, there is always a risk that your funds could be lost due to technical issues or malicious attacks. Additionally, since Dharma relies on Ethereum's blockchain technology, any issues with Ethereum could also affect your funds. Therefore, it's important to understand the risks associated with using Dharma before investing any money into it.  

### Limited Liquidity 
Another potential downside of using Dharma is its limited liquidity. Since it is still relatively new, there may not be enough liquidity in certain markets for users to make profitable trades. Additionally, some markets may be too volatile for traders who are looking for more stable investments. Therefore, it's important to do your research before investing in any particular market on Dharma.  

### Limited Options 
Finally, another potential downside of using Dharma is its limited options when it comes to trading options. Currently, users can only trade cryptocurrencies such as Bitcoin (BTC), Ethereum (ETH), and Dai (DAI). This means that those looking for more exotic options may have difficulty finding them on Dharma. Therefore, it's important to make sure that you understand what options are available before investing in any particular asset on Dharma.  

  
In conclusion, there are both pros and cons associated with using Dharma Review as a DeFi protocol. On one hand, it offers low fees and high security for users' funds; however, there is also a high risk factor involved as well as limited liquidity and trading options available on the platform. Therefore, it's important to do your research before investing in any asset on Dharma so that you can make an informed decision about whether or not it's right for you."
tokens,what does alchemy pay do?,What is Alchemy Pay?,A Comprehensive Guide to the Payment Platform,"Alchemy Pay is a payment platform that enables users to easily and securely send, receive, and store cryptocurrency. The platform is designed to be user-friendly and secure, allowing users to make payments quickly and securely. It also provides a range of features that make it easy for users to manage their funds. 

Alchemy Pay is built on top of the Ethereum blockchain, which provides a secure and reliable platform for sending and receiving payments. The platform also supports a variety of different cryptocurrencies, including Bitcoin, Ethereum, Litecoin, Ripple, Zcash, and more. Users can easily switch between different currencies with just a few clicks. 

The platform also offers an intuitive interface that makes it easy for users to manage their funds. Users can easily transfer funds between their wallets, set up recurring payments, and view their transaction history. In addition, users can create multiple wallets for different purposes, such as saving for retirement or investing in cryptocurrency. 

Alchemy Pay also offers a range of security features to protect users’ funds. It uses two-factor authentication to ensure that only authorized users can access the platform. Additionally, all transactions are encrypted using advanced encryption technology. This ensures that user data is kept safe from hackers and other malicious actors. 

Finally, Alchemy Pay offers an array of features that make it easy for users to keep track of their finances. The platform allows users to set up budgets and track their spending over time. It also provides detailed reports on user activity so they can see how much they’ve spent and where their money is going. 

Overall, Alchemy Pay is an excellent payment platform for those looking to securely send, receive, and store cryptocurrency. With its intuitive interface and robust security features, it’s an ideal choice for both experienced crypto investors and those just starting out in the world of digital currencies."
technicalguides,how to diversification in defi?,Diversifying Your Investments in DeFi,How to Spread Your Risk and Maximise Your Returns,"Diversification is an important part of any investment strategy, and it's especially important when it comes to investing in decentralized finance (DeFi). By spreading your investments across different projects, you can reduce your risk and maximize your returns. Here are some tips for diversifying your investments in DeFi. 

### Understand the Different Types of DeFi Projects 

The first step to successful diversification is understanding the different types of DeFi projects. There are a variety of different projects available, ranging from decentralized exchanges (DEXs) to lending platforms, yield farming protocols, and more. Each type of project has its own risks and rewards, so it's important to understand the differences before making any investments. 

### Spread Your Investments Across Different Projects 

Once you understand the different types of DeFi projects, you can start spreading your investments across different projects. This will help you reduce your risk by diversifying your portfolio. For example, if you invest in a DEX, you could also invest in a lending platform or yield farming protocol. This way, if one project fails, you won't lose all of your money. 

### Research Each Project Before Investing 

Before investing in any project, it's important to do your research. Make sure to read up on the project and understand how it works. Check out reviews from other investors and look for any red flags that could indicate a potential scam or fraud. Additionally, make sure that the project has a good track record and is backed by reputable developers. 

### Monitor Your Investments Regularly 

Finally, it's important to monitor your investments regularly. Keep an eye on the markets and make sure that your investments are performing as expected. If something seems off or if a project is failing, don't be afraid to pull out your money before it's too late. 

By following these tips, you can successfully diversify your investments in DeFi and reduce your risk while maximizing your returns. Just remember to do your research before investing and monitor your investments regularly. Good luck!"
technicalguides,how to diversification in defi?,How to Diversify Your Defi Portfolio,Strategies for Spreading Your Risk,"Defi, or decentralized finance, is a rapidly growing sector of the crypto economy. It offers investors the opportunity to access a wide range of financial services, from lending and borrowing to trading and investing. But with any investment, there is always the risk of loss. That's why it's important to diversify your portfolio when investing in defi. Here are some strategies you can use to spread your risk and maximize your returns. 

### Understand Your Goals 
Before you start investing in defi, it's important to understand your goals. Are you looking for short-term gains or long-term growth? Do you want to invest in a specific asset class or spread your investments across multiple assets? Knowing what you want to achieve will help you create a diversified portfolio that meets your needs. 

### Research Different Defi Platforms 
Once you have an idea of what you want to achieve, it's time to start researching different defi platforms. Look at the different types of services they offer, such as lending, borrowing, trading, and investing. Compare the fees and interest rates they charge, as well as their security measures. This will help you identify which platforms are best suited for your needs. 

### Invest in Multiple Assets 
Once you've identified the best platforms for your goals, it's time to start investing. Instead of putting all your eggs in one basket, spread your investments across multiple assets. This will help reduce your risk and maximize your returns. For example, if you're looking for short-term gains, consider investing in high-yield lending platforms like Compound or Aave. If you're looking for long-term growth, consider investing in DeFi tokens like YFI or UNI. 

### Monitor Your Portfolio Regularly 
Finally, it's important to monitor your portfolio regularly. Keep an eye on market conditions and make sure that your investments are performing as expected. If there are any changes in the market that could affect your investments, be sure to adjust accordingly. This will help ensure that your portfolio remains diversified and profitable over time. 

Diversifying your defi portfolio is an important part of any successful investment strategy. By understanding your goals and researching different platforms, you can create a portfolio that meets your needs and reduces risk while maximizing returns. With regular monitoring and adjustments when needed, you can ensure that your portfolio remains profitable over time."
technicalguides,common risk management mistakes and how to avoid them,Risk Management Mistakes to Avoid in Crypto and Finance,How to Manage Your Risks in Crypto and Finance,"Risk management is an essential part of any financial or crypto investment strategy. It is important to understand the risks associated with any investment before committing your money. Unfortunately, many investors make common mistakes when it comes to risk management that can lead to significant losses. In this article, we will discuss some of the most common risk management mistakes and how you can avoid them. 

**1. Not Diversifying Your Portfolio** 
One of the most common risk management mistakes is not diversifying your portfolio. Diversification is a key part of any investment strategy, as it helps spread out your risk across different assets and markets. By diversifying your portfolio, you can reduce the overall risk of your investments and maximize your potential returns. 

**2. Not Understanding Your Risk Tolerance** 
Another mistake that many investors make is not understanding their own risk tolerance. Risk tolerance is an individual's ability to handle losses without panicking or making rash decisions. It is important to understand your own risk tolerance before investing in any asset or market, as this will help you make informed decisions about which investments are right for you. 

**3. Not Doing Proper Research** 
Many investors also fail to do proper research before investing in any asset or market. It is important to research the asset or market thoroughly before investing, as this will help you understand the risks associated with the investment and make more informed decisions about whether or not it is a good fit for your portfolio. 

**4. Not Monitoring Your Investments** 
Finally, many investors fail to monitor their investments on a regular basis. Monitoring your investments allows you to stay up-to-date on market trends and changes that could affect your investments, as well as identify any potential risks that may be present in the asset or market. By monitoring your investments regularly, you can ensure that you are making informed decisions about which investments are right for you and minimize your overall risk exposure. 

Risk management is an essential part of any financial or crypto investment strategy. By avoiding these common mistakes and following best practices for managing your risks, you can ensure that you are making informed decisions about which investments are right for you and maximize your potential returns while minimizing your overall risk exposure. For more information on risk management strategies for crypto and finance, [check out this guide](https://www.investopedia.com/articles/investing/011517/risk-management-strategies-cryptocurrency-investors-should-know-about.asp)."
tokens,a complete guide to dash,A Comprehensive Guide to Dash,"What is Dash, How to Use It, and More","Dash is a digital currency that was created in 2014 as a fork of the Bitcoin protocol. It is designed to be a more secure, private, and efficient alternative to traditional payment methods. Dash is based on a decentralized network of computers that use blockchain technology to process transactions. This means that there is no central authority controlling the network, and all transactions are verified by the network itself. 

Dash has several features that make it unique from other digital currencies. One of the most important features is its InstantSend technology, which allows users to send funds almost instantly. This makes it ideal for online purchases or payments between individuals. Another feature is its PrivateSend technology, which allows users to send funds anonymously. This makes it difficult for third parties to track the transactions or identify the sender or receiver of funds. 

In addition to these features, Dash also has a self-governing system called Masternodes. These Masternodes are responsible for verifying transactions and securing the network. They are rewarded with a portion of the block rewards for their efforts. This system helps ensure that the network remains secure and efficient. 

Using Dash is relatively easy and can be done through various wallets and exchanges. To get started, you will need to create an account on an exchange or wallet provider that supports Dash. Once you have created your account, you will need to deposit funds into your wallet in order to purchase Dash coins. Once you have purchased your coins, you can use them for payments or transfers just like any other currency. 

Dash has become increasingly popular over the years due to its privacy features and ease of use. It has also become one of the most widely accepted digital currencies in many countries around the world. As such, it can be used for a variety of purposes including online payments, remittances, investments, and more. 

Overall, Dash is an excellent choice for those looking for a secure and private digital currency with fast transaction speeds and low fees. With its innovative features and growing acceptance around the world, it is likely that Dash will continue to gain popularity in the years ahead."
tokens,the future of decentralized social: roadmap and updates,Decentralized Social - Roadmap and Updates,What's Next for Decentralized Social?,"Decentralized social networks are becoming increasingly popular, as they offer users greater control over their data and privacy. But what does the future hold for decentralized social networks? In this article, we'll take a look at the roadmap and updates for decentralized social networks, as well as discuss some of the challenges they face. 

Decentralized social networks are built on blockchain technology, which allows them to be more secure and transparent than traditional social networks. This makes them attractive to users who value privacy and security. However, there are still many challenges that need to be addressed before decentralized social networks can become mainstream. 

One of the biggest challenges facing decentralized social networks is scalability. As more users join these networks, the amount of data that needs to be processed increases exponentially. This can lead to slowdowns in performance and even outages if the network is not properly managed. To address this issue, developers are working on solutions such as sharding and off-chain scaling solutions. These solutions will allow for faster processing of data and better performance overall. 

Another challenge facing decentralized social networks is user adoption. While these networks offer many benefits over traditional social networks, most people are still unfamiliar with them. This means that developers need to focus on creating user-friendly interfaces that make it easy for new users to get started. Additionally, developers need to focus on creating engaging content that will keep users coming back. 

Finally, developers need to focus on creating sustainable business models for decentralized social networks. Currently, most of these platforms rely on advertising or cryptocurrency donations to generate revenue. However, these models may not be sustainable in the long run. Developers need to find other ways to monetize their platforms so that they can remain viable in the future. 

Overall, there are many challenges facing decentralized social networks today. However, with the right roadmap and updates, these challenges can be overcome and these platforms can become mainstream in the future. Developers need to focus on scalability solutions, user adoption strategies, and sustainable business models in order to ensure that their platforms remain successful in the long run. With continued development and innovation, decentralized social networks could become an integral part of our lives in the near future. 
[External Link](https://www.coindesk.com/decentralized-social-networks-challenges-solutions)"
technicalguides,common smart contract security and audits mistakes and how to avoid them,Common Smart Contract Security and Audits Mistakes and How to Avoid Them,Understanding the Basics of Smart Contract Security and Audits,"Smart contracts are becoming increasingly popular in the world of cryptocurrency, but they come with their own unique set of security risks. It is important to understand the basics of smart contract security and audits in order to protect yourself from potential losses. In this article, we will discuss some of the most common mistakes made when it comes to smart contract security and audits, as well as how to avoid them. 

Smart contracts are computer programs that are used to facilitate transactions on a blockchain network. They are self-executing agreements that are written in code, which means that they can be used to automate a variety of tasks such as payments, asset transfers, or even voting. However, because these contracts are written in code, they can be vulnerable to errors or malicious attacks. It is important for users to understand the basics of smart contract security and audits in order to protect themselves from potential losses. 

One of the most common mistakes made when it comes to smart contract security and audits is failing to properly audit the code before deploying it on the blockchain. It is essential that developers thoroughly test their code before deploying it on the blockchain, as any errors or vulnerabilities could lead to serious losses. Additionally, developers should also consider using a third-party auditing service in order to ensure that their code is secure. This can help identify any potential issues before they become a problem. 

Another mistake made when it comes to smart contract security and audits is failing to properly secure their private keys. Private keys are used to access funds stored on a blockchain network, so it is essential that users keep them secure at all times. This means using strong passwords and two-factor authentication whenever possible. Additionally, users should also consider using a hardware wallet or cold storage solution in order to further protect their funds from potential hacks or theft. 

Finally, users should also be aware of the risks associated with using decentralized applications (dApps). DApps are applications built on top of a blockchain network, but they can be vulnerable to malicious attacks if not properly secured. It is important for users to do their research before using any dApp, as well as making sure that they understand how it works before interacting with it. Additionally, users should also make sure that they only use dApps from reputable sources in order to reduce their risk of falling victim to an attack. 

In conclusion, understanding the basics of smart contract security and audits is essential for anyone looking to use cryptocurrency or blockchain technology safely. It is important for users to thoroughly audit their code before deploying it on the blockchain, as well as making sure that they keep their private keys secure at all times. Additionally, users should also be aware of the risks associated with using dApps and only use them from reputable sources in order to reduce their risk of falling victim to an attack."
tokens,the technology behind just,What is the Technology Behind Justin Sun's Tron?,Understanding the Technology Behind Tron,"Tron, founded by Justin Sun, is a blockchain-based platform for decentralized applications and smart contracts. It is designed to be a distributed storage system that allows users to store and access data in a secure and efficient manner. The technology behind Tron is based on the concept of distributed ledger technology (DLT). DLT is a type of digital ledger that records transactions and other data across multiple computers in a network. This makes it difficult for any single computer to manipulate or control the data. 

Tron uses a consensus mechanism called Delegated Proof of Stake (DPoS) to validate transactions on its network. This mechanism is similar to Proof of Work (PoW) but instead of miners competing to solve complex mathematical puzzles, DPoS uses elected delegates who are voted in by the community. These delegates are responsible for verifying transactions and ensuring the network remains secure. They are rewarded with TRX tokens for their efforts. 

The Tron Virtual Machine (TVM) is an important part of the technology behind Tron. It is a software environment that allows developers to create and deploy decentralized applications (dApps) on the Tron network. The TVM provides developers with access to all the necessary tools and resources they need to create dApps without having to worry about security or scalability issues. It also provides developers with access to the Tron blockchain, allowing them to interact with it directly. 

In addition, Tron has its own cryptocurrency called TRX which can be used as a payment method on the platform. TRX can also be used to pay transaction fees, reward developers, and purchase services from other users on the platform. This makes it an important part of the technology behind Tron as it allows users to transact with each other without having to rely on third-party services or intermediaries. 

The technology behind Justin Sun's Tron is an innovative way of creating an efficient and secure platform for decentralized applications and smart contracts. Its use of Delegated Proof of Stake consensus mechanism ensures that transactions are validated quickly and securely while its Virtual Machine allows developers to create dApps without worrying about security or scalability issues. Finally, its own cryptocurrency TRX makes it easy for users to transact with each other without relying on third-party services or intermediaries. All these features make Tron an attractive option for developers looking to create dApps on a secure and reliable platform. 

[Justin Sun's Tron - What Is It?](https://www.investopedia.com/tech/justin-suns-tron-what-it/)  
[What Is Delegated Proof Of Stake?](https://www.investopedia.com/terms/d/delegatedproofofstake-dpos.asp)  
[What Is The Tron Virtual Machine?](https://www.coindesk.com/what-is-the-tron-virtual-machine)"
technicalguides,common diversification mistakes and how to avoid them,Common Diversification Mistakes in Crypto and Finance and How to Avoid Them,Understanding the Basics of Diversification,"Diversification is an important part of any investor’s portfolio. By spreading your investments across different asset classes, you can reduce your risk and maximize your returns. However, there are some common mistakes that investors make when it comes to diversifying their portfolios. In this article, we’ll look at some of the most common diversification mistakes and how to avoid them.

## What is Diversification? 

Diversification is the process of spreading your investments across different asset classes in order to reduce risk and maximize returns. By investing in a variety of different assets, you can reduce the impact of any single asset’s performance on your overall portfolio. This means that if one asset class performs poorly, it won’t have a significant effect on your overall portfolio performance. 

## Common Diversification Mistakes 

One of the most common diversification mistakes is investing too heavily in one asset class. For example, if you invest all of your money in stocks, you’re taking on a lot of risk because stocks can be volatile. Instead, you should spread your investments across different asset classes such as bonds, commodities, real estate, and cash. 

Another common mistake is not having enough diversity within an asset class. For example, if you invest all of your money in tech stocks, you’re taking on a lot of risk because tech stocks can be volatile. Instead, you should spread your investments across different sectors such as healthcare, energy, consumer goods, and financial services. 

Finally, another common mistake is not having enough liquidity in your portfolio. Liquidity refers to how quickly you can access your money without incurring significant losses. If you don’t have enough liquid assets in your portfolio, it could be difficult for you to access cash when you need it most. To ensure adequate liquidity in your portfolio, make sure to include some cash or short-term investments such as money market funds or certificates of deposit (CDs). 

## How to Avoid These Mistakes 

The best way to avoid these common diversification mistakes is to create a well-balanced portfolio that includes a variety of different asset classes and sectors. You should also make sure that you have adequate liquidity in your portfolio by including some cash or short-term investments such as money market funds or CDs. Finally, make sure to regularly review and rebalance your portfolio so that it remains well-diversified over time. 

## Conclusion 
Diversifying your investments is an important part of any investor’s portfolio strategy. By spreading your investments across different asset classes and sectors, you can reduce risk and maximize returns over time. However, there are some common mistakes that investors make when it comes to diversifying their portfolios. To avoid these mistakes, make sure to create a well-balanced portfolio that includes a variety of different asset classes and sectors and ensure adequate liquidity by including some cash or short-term investments such as money market funds or CDs. Finally, make sure to regularly review and rebalance your portfolio so that it remains well-diversified over time.[1](https://www.investopedia.com/terms/d/diversification.asp)"
tokens,pros and cons of investing in bitget token,What Are the Pros and Cons of Investing in Bitget Token?,Understanding the Risks and Benefits of Investing in Bitget Token,"Bitget Token is a cryptocurrency token that has been gaining traction in recent months. It is a decentralized digital asset that is built on the Ethereum blockchain and is used to power the Bitget exchange platform. As with any investment, there are both pros and cons to consider when investing in Bitget Token. 

## Pros of Investing in Bitget Token 

The primary benefit of investing in Bitget Token is that it provides investors with access to a wide range of digital assets. The platform supports trading of over 100 different cryptocurrencies, including Bitcoin, Ethereum, Ripple, Litecoin, and many more. This allows investors to diversify their portfolios and gain exposure to a variety of different digital assets. 

Another advantage of investing in Bitget Token is that it offers users low fees. The platform charges just 0.1% on all trades, which is significantly lower than most other exchanges. This makes it an attractive option for both experienced traders and those who are just getting started with cryptocurrency trading. 

Finally, Bitget Token also provides users with enhanced security features. The platform uses advanced encryption technology to protect user funds from theft or unauthorized access. This helps to ensure that users’ funds remain safe at all times. 

## Cons of Investing in Bitget Token 

One potential downside of investing in Bitget Token is that it is still relatively new and untested. While the platform has been gaining traction in recent months, it is still relatively unknown compared to other major exchanges such as Coinbase or Binance. This means that there is still some risk associated with investing in the token due to its lack of track record. 

Another potential issue with investing in Bitget Token is that it may not be suitable for all investors. The platform does not offer margin trading or other advanced trading features, which may limit its appeal for more experienced traders who are looking for more sophisticated tools. Additionally, the platform does not offer fiat currency deposits or withdrawals, which could be a problem for those who do not have access to cryptocurrency wallets or exchanges. 

Finally, it should be noted that investing in any cryptocurrency carries some level of risk due to its volatile nature. Cryptocurrencies can experience significant price swings within a short period of time, which can lead to large losses if investors are not careful with their investments. As such, it is important for investors to understand the risks associated with investing in any cryptocurrency before making any decisions. 

In conclusion, there are both pros and cons associated with investing in Bitget Token. The platform offers users access to a wide range of digital assets at low fees and enhanced security features, but it also carries some risks due to its relative newness and lack of advanced trading tools. As such, investors should carefully consider their options before deciding whether or not to invest in this token."
