category,prompt
defiterms,why is cosmos hub suitable for trade?
defiterms,what is the process of trade for polymesh?
defiterms,how to borrow injective?
defiterms,why is wrapped bitcoin suitable for staking?
defiterms,how to mining cosmos hub?
defiplatforms,top alternatives to compound
defiplatforms,dydx review: pros and cons
defiplatforms,dharma review: pros and cons
defiplatforms,top alternatives to synthetix
defiplatforms,what is zerion?
defiusecases,the future of gaming and virtual worlds in defi
defiusecases,the future of privacy and security in defi
defiusecases,defi use case: tokenization of real-world assets
defiusecases,how decentralized exchanges (dexs) is revolutionizing finance
defiusecases,the future of cross-chain interoperability in defi
investingterminology,what are the benefits of understanding inflation when investing in cryptocurrencies?
investingterminology,what factors can influence stop-loss order in the crypto market?
investingterminology,what is dollar-cost averaging (dca)?
investingterminology,what are the challenges and pitfalls associated with bollinger bands in the context of cryptocurrency investing?
investingterminology,what factors can influence centralized finance (cefi) in the crypto market?
technicalguides,how to diversification in defi?
technicalguides,how to diversification in defi?
technicalguides,common diversification mistakes and how to avoid them
technicalguides,common risk management mistakes and how to avoid them
technicalguides,common smart contract security and audits mistakes and how to avoid them
tokens,what does alchemy pay do?
tokens,the future of decentralized social: roadmap and updates
tokens,a complete guide to dash
tokens,the technology behind just
tokens,pros and cons of investing in bitget token
